<?xml version="1.0" encoding="UTF-8"?>
<configuration>
	<property name="DEV_HOME" value="logs" />
	
	<appender class="ch.qos.logback.core.ConsoleAppender" name="STDOUT">
		<encoder>
			<pattern>%d{HH:mm:ss.SSS} [%thread] %-5level %logger{36} - %msg%n </pattern>
		</encoder>
	</appender>
	<root level="INFO">
		<appender-ref ref="STDOUT" />
	</root>
	<appender class="ch.qos.logback.core.rolling.RollingFileAppender" name="debugFile">
		<File>${DEV_HOME}/innovativeLogicsWMS-debug.log</File>
		<encoder>
			<pattern>%d{yyyy-MM-dd} | %d{HH:mm:ss.SSS} | %thread | %-5p | %c{1}:%L - %m%n</pattern>
		</encoder>
		<filter class="ch.qos.logback.classic.filter.ThresholdFilter">
			<level>DEBUG</level>
		</filter>
		<rollingPolicy class="ch.qos.logback.core.rolling.FixedWindowRollingPolicy">
			<maxIndex>10</maxIndex>
			<FileNamePattern>logs/innovativeLogicsWMS-debug.log.%i</FileNamePattern>
		</rollingPolicy>
		<triggeringPolicy class="ch.qos.logback.core.rolling.SizeBasedTriggeringPolicy">
			<MaxFileSize>5MB</MaxFileSize>
		</triggeringPolicy>
	</appender>
	<appender class="ch.qos.logback.core.rolling.RollingFileAppender" name="infoFile">
		<File>${DEV_HOME}/innovativeLogicsWMS-info.log</File>
		<encoder>
			<pattern>%d{yyyy-MM-dd} | %d{HH:mm:ss.SSS} | %thread | %-5p | %c{1}:%L - %m%n</pattern>
		</encoder>
		<filter class="ch.qos.logback.classic.filter.ThresholdFilter">
			<level>INFO</level>
		</filter>
		<rollingPolicy class="ch.qos.logback.core.rolling.FixedWindowRollingPolicy">
			<maxIndex>10</maxIndex>
			<FileNamePattern>logs/innovativeLogicsWMS.log.%i</FileNamePattern>
		</rollingPolicy>
		<triggeringPolicy class="ch.qos.logback.core.rolling.SizeBasedTriggeringPolicy">
			<MaxFileSize>5MB</MaxFileSize>
		</triggeringPolicy>
	</appender>
	<appender class="ch.qos.logback.core.rolling.RollingFileAppender" name="warnFile">
		<File>${DEV_HOME}/innovativeLogicsWMS-warn.log</File>
		<encoder>
			<pattern>%d{yyyy-MM-dd} | %d{HH:mm:ss.SSS} | %thread | %-5p | %c{1}:%L - %m%n</pattern>
		</encoder>
		<filter class="ch.qos.logback.classic.filter.ThresholdFilter">
			<level>WARN</level>
		</filter>
		<rollingPolicy class="ch.qos.logback.core.rolling.FixedWindowRollingPolicy">
			<maxIndex>10</maxIndex>
			<FileNamePattern>logs/innovativeLogicsWMS-warn.log.%i</FileNamePattern>
		</rollingPolicy>
		<triggeringPolicy class="ch.qos.logback.core.rolling.SizeBasedTriggeringPolicy">
			<MaxFileSize>5MB</MaxFileSize>
		</triggeringPolicy>
	</appender>
	<appender class="ch.qos.logback.core.rolling.RollingFileAppender" name="errorFile">
		<File>${DEV_HOME}/innovativeLogicsWMS-error.log</File>
		<encoder>
			<pattern>%d{yyyy-MM-dd} | %d{HH:mm:ss.SSS} | %thread | %-5p | %c{1}:%L - %m%n</pattern>
		</encoder>
		<filter class="ch.qos.logback.classic.filter.ThresholdFilter">
			<level>ERROR</level>
		</filter>
		<rollingPolicy class="ch.qos.logback.core.rolling.FixedWindowRollingPolicy">
			<maxIndex>10</maxIndex>
			<FileNamePattern>logs/innovativeLogicsWMS-error.log.%i</FileNamePattern>
		</rollingPolicy>
		<triggeringPolicy class="ch.qos.logback.core.rolling.SizeBasedTriggeringPolicy">
			<MaxFileSize>5MB</MaxFileSize>
		</triggeringPolicy>
	</appender>
	<appender class="ch.qos.logback.core.ConsoleAppender" name="stdout">
		<Target>System.out</Target>
		<encoder>
			<pattern>%d{yyyy-MM-dd} | %d{HH:mm:ss.SSS} | %thread | %-5p | %c{1}:%L - %m%n</pattern>
		</encoder>
	</appender>
		<logger name="com.innovative.logics.wms" level="debug" additivity="false">
		<appender-ref ref="debugFile" />
		<appender-ref ref="STDOUT" />
	</logger>
<!--	<logger name="org.hibernate" level="OFF" />
	<logger name="org.springframework" level="OFF" />-->
	<root level="INFO">
		<appender-ref ref="debugFile" />
		<appender-ref ref="infoFile" />
		<appender-ref ref="warnFile" />
		<appender-ref ref="errorFile" />
		<appender-ref ref="STDOUT" />
	</root>
</configuration>